IMO,name,is_asdp,voyages,hours,wait_h,fuel_t,co2_t,co2e100_t,shaft_mwh,propulsion_mwh,mean_load,v_steam,gt,built,p_mcr_kw,power_method,fuel,in_inventory,co2_per_voyage_t
8604333,Port Link Iii,True,891,1955.7333333333333,229.38333333333335,1059.062369186182,3297.92021764577,4649.30649199468,4265.186899913819,2868.735233247152,0.12964368817042912,11.11111111111111,9023.0,1986.0,14436.800000000001,dimensions,residual,True,3.7013694923072618
9764611,Sebuku,True,1337,3047.116666666667,428.5833333333334,884.2702271427783,2753.6174873226114,3271.9309747142447,3883.4917039894835,1712.2998706561498,0.46002060611922285,10.97560975609756,5553.0,2014.0,1892.5857212820347,dimensions,residual,True,2.059549354766351
9765665,Legundi,False,1278,2929.75,431.2833333333334,796.7584529247487,2481.1058224076673,2943.3036420181643,3505.1245196595455,1414.3993529928787,0.47316540400042423,10.97560975609756,3500.0,2000.0,1593.1962935561216,gt_regression,residual,False,1.9413973571265002
1105297,Sms Sagita 8,False,660,1940.95,622.85,686.1078796291799,2136.539937165266,2548.7855094567867,2999.026287135993,1619.6027871359927,0.433132117499565,10.714285714285715,15000.0,2000.0,3750.0,gt_regression,residual,False,3.237181722977676
9759733,Batu Mandi,True,939,2157.7833333333333,321.5833333333334,654.9315847613386,2039.4569549468085,2425.3451361197026,2875.844497989262,1336.3633313225953,0.4600206061192228,10.97560975609756,5381.0,2015.0,2103.129914708725,dimensions,residual,True,2.171945638920989
8705747,Sms Sagita,False,652,1638.85,348.71666666666664,641.2371090351598,1996.8123575354878,2728.768887332477,2637.622907210043,1471.9094072100434,0.15513337820793854,10.843373493975903,5373.0,1988.0,8596.800000000001,dimensions,residual,True,3.0625956403918524
8822222,Rajarakata,False,624,1816.5166666666667,570.7666666666667,629.6483996247097,1960.725116431346,2542.182226540664,2623.877846254852,1332.5535129215189,0.18569511211457534,10.714285714285715,8886.0,1989.0,6934.053752055627,dimensions,residual,True,3.1421876865886955
7909061,Duta Banten,False,632,1891.9,629.5666666666666,617.4269582993538,1922.6675481441875,2577.642818546619,2556.862420474134,1212.4300871408009,0.13993445133129262,10.714285714285715,8011.0,1979.0,7865.261545114083,dimensions,residual,True,3.042195487569917
9031521,Amadea,False,558,1617.7666666666667,504.6166666666667,609.2409413054821,1897.1762912252714,2585.465776409507,2502.1528621674356,1351.5150288341024,0.13993445133129262,10.714285714285715,6687.0,1991.0,9930.250921172441,dimensions,residual,True,3.3999575111564004
8602074,Amarisa,False,607,1749.6333333333334,539.4333333333333,607.2884908875516,1891.0963606238356,2454.0251239456243,2525.7713673596895,1280.8337006930228,0.17680699830617594,10.714285714285715,10624.0,1986.0,7140.075080119621,dimensions,residual,True,3.115480001027736
9836012,Neomi,False,723,2097.9666666666667,655.6,584.0119449338553,1818.6131965240252,2220.174527618226,2516.015460327858,1023.8794603278578,0.3162063095138879,10.714285714285715,8274.0,2018.0,2886.053375378916,dimensions,residual,True,2.5153709495491356
9016715,Trimas Kanaya,False,714,1713.3333333333333,316.66666666666674,583.0805083455126,1815.712702987926,2350.5784847240398,2432.9147569395354,1211.0994236062022,0.1870131324571618,10.97560975609756,6547.0,1990.0,5587.297906078343,dimensions,residual,True,2.543014990179168
9875812,Wira Berlian,False,613,1851.6666666666667,626.7666666666667,560.2287071584855,1744.5521940915235,2140.857404299726,2402.4545278660325,1086.9901945326992,0.30388799575870085,10.714285714285715,8800.0,2019.0,3745.3919623262564,gt_regression,residual,True,2.8459252758426157
8921755,Virgo 18,False,483,1179.0166666666667,250.14999999999998,550.545372093322,1714.398288698605,2380.6753263873966,2250.3532780869646,1409.7487780869646,0.1619916192223875,11.249999999999998,9989.0,1990.0,11056.280595350794,dimensions,residual,True,3.5494788585892443
9836000,Caitlyn 7,False,692,2012.35,630.8333333333334,543.6380771782786,1692.88897233316,2020.9628210092064,2377.1121864889637,946.5805198222969,0.419610507190282,10.714285714285715,8274.0,2018.0,2152.617492528732,dimensions,residual,True,2.446371347302254
8510350,Windu Karsa Pratama,False,768,1844.05,337.5166666666667,539.1265221398692,1678.8399899435524,2142.0926678483393,2269.0740140810967,957.0531807477632,0.1900622000625057,10.97560975609756,3123.0,1985.0,4049.248479860132,dimensions,residual,True,2.1859895702390006
8405206,Tribuana 1,False,717,2033.3333333333333,602.0333333333333,502.55259496661256,1564.9487807260314,1853.6119123361493,2204.35108578888,758.7674191222134,0.44016619167899323,10.714285714285715,3500.0,2000.0,1593.1962935561216,gt_regression,residual,False,2.182634282742024
9066722,Suki 2,False,687,1599.8833333333332,254.06666666666672,501.26873417300345,1560.9508382147326,2078.361124860565,2090.4386392408846,950.770305907551,0.16229573357214555,10.97560975609756,5008.0,1993.0,5129.443093302273,dimensions,residual,True,2.2721264020592904
9835991,Munic 9,False,599,1768.3666666666666,572.75,488.61935949919257,1521.5606854804857,1856.7758660933782,2105.50884403373,848.2763440337301,0.3162063095138879,10.714285714285715,7288.0,2018.0,2886.053375378916,dimensions,residual,True,2.5401680892829477
1112719,Wira Qaila,False,466,1354.35,424.21666666666664,481.92660636811956,1500.7194522303244,1790.4628024883223,2106.451558796019,1143.5377254626858,0.433132117499565,10.714285714285715,15000.0,2000.0,3750.0,gt_regression,residual,False,3.220428009077949
9807205,Royce I,False,588,1770.2166666666667,595.2,478.6620499287381,1490.5536234780905,1797.3962996402624,2073.943230080816,816.3912300808165,0.3500582376019916,10.714285714285715,7288.0,2016.0,2580.3161325791784,dimensions,residual,True,2.5349551419695415
8503694,Jatra Iii,False,742,1814.9833333333333,349.29999999999995,477.18802279414217,1485.9635029809588,1762.014141013835,2095.7459030376795,802.883236371013,0.4562682650583275,10.843373493975903,3500.0,2000.0,1593.1962935561216,gt_regression,residual,False,2.002646230432559
1034060,Calisha,False,607,1694.55,485.09999999999997,476.2277250338921,1482.9731357555402,1789.7899295817658,2067.8948192929797,861.5338192929801,0.3712373825808331,10.714285714285715,10000.0,2024.0,2500.0,dimensions,residual,True,2.443118839794959
9819272,Als Elisa,False,577,1722.5666666666666,570.4666666666667,471.6959066740295,1468.861053382928,1791.5516046354628,2033.1406678450837,808.7693345117505,0.3162063095138879,10.714285714285715,7331.0,2017.0,2856.5556431029486,dimensions,residual,True,2.5456864010102738
8324074,Jagantara,False,469,1345.4,410.68333333333334,468.1542695053846,1457.8323952397677,1892.1528892940423,1946.8748075288174,989.3096408621508,0.17680699830617586,10.714285714285715,5110.0,1984.0,7137.697234756998,dimensions,residual,True,3.1083846380378843
9821251,Dorothy,False,570,1702.6833333333334,564.8333333333334,466.1809530596447,1451.6874878277335,1770.573091422063,2009.3892414876334,798.9575748209667,0.3162063095138879,10.714285714285715,7331.0,2017.0,2856.5556431029486,dimensions,residual,True,2.546820154083743
9821275,Wira Artha,False,554,1695.6166666666666,590.2666666666667,459.75075638029597,1431.6638553682417,1745.1210311319116,1982.30002886108,776.5306955277466,0.3162063095138879,10.714285714285715,7331.0,2017.0,2856.5556431029486,dimensions,residual,True,2.584230785863252
9821263,Reinna,False,553,1670.0833333333333,565.1333333333333,455.04119327564445,1416.9982758603567,1727.836156928569,1961.633682238587,775.1290155719204,0.3162063095138879,10.714285714285715,7152.0,2017.0,2856.5556431029486,dimensions,residual,True,2.562383862315292
9114567,Athaya,False,414,1042.1666666666667,239.86666666666667,443.50582651001395,1381.0771437521835,1902.732966573225,1817.4985896427108,1074.0102563093774,0.1560656950477333,11.11111111111111,13413.0,1995.0,10028.376923429872,dimensions,residual,True,3.335935129836192
9713789,Adinda Windu Karsa,False,494,1523.7333333333333,530.0166666666667,443.24391437386487,1380.2615493602152,1716.720318213577,1889.7483105415408,806.1108105415408,0.26131759167416535,10.588235294117649,9269.0,2015.0,3901.9693121958394,dimensions,residual,True,2.7940517193526624
9821287,Rishel,False,558,1653.25,538.1333333333333,443.11529644722594,1379.8610331366617,1646.9193021272984,1937.7178025927385,763.2831359260719,0.4196105071902819,10.714285714285715,7331.0,2017.0,2152.617492528732,dimensions,residual,True,2.4728692350119386
9807217,Als Elvina,False,560,1571.8666666666666,453.7833333333333,441.6986890116306,1375.4497175822178,1680.1114464203017,1902.3269419293708,784.9407752627042,0.3162063095138879,10.714285714285715,7331.0,2017.0,2856.5556431029486,dimensions,residual,True,2.456160209968246
8342519,Tranship 1,False,530,1639.4166666666667,548.7949999999998,439.2737864267955,1367.8985709330411,1552.1307072524776,1985.2621528085037,818.5582028085037,0.36619936551987275,10.23890784982935,8410.0,2016.0,2642.4239805602388,gt_regression,residual,True,2.5809406998736626
1105285,Keisha,False,621,1771.8833333333334,533.9666666666667,437.28668831222717,1361.7107474042755,1612.7943698197055,1918.1114620291414,657.1751286958082,0.44016619167899323,10.714285714285715,3500.0,2000.0,1593.1962935561216,gt_regression,residual,False,2.192770929797545
7320186,Kirana Ii,False,495,1502.2166666666667,513.3166666666666,431.41130407751683,1343.4148008973875,1769.670646537011,1803.7104413985835,736.3556080652502,0.14642524447797917,10.714285714285715,6292.0,1973.0,5879.899106671332,dimensions,residual,True,2.713969294742197
1091666,Munic 3,False,609,1712.7666666666667,497.5333333333333,424.6270009598767,1322.2884809890559,1566.2920842076499,1862.5047590591741,644.4760923925076,0.44016619167899323,10.714285714285715,3500.0,2000.0,1593.1962935561216,gt_regression,residual,False,2.171245453184
9042881,Queen Soya,False,535,1597.6,529.8333333333334,422.09527831698045,1314.404696679077,1709.207501785627,1776.6118088876985,640.7301422210319,0.1509770037458947,10.714285714285715,2983.0,1992.0,4617.483010006472,dimensions,residual,True,2.4568312087459385
1071484,Kmp Nitya,False,567,1732.4,599.9833333333333,417.38821971819345,1299.7469162024545,1538.591369208789,1831.157631997622,600.0294653309553,0.44016619167899323,10.714285714285715,3500.0,2000.0,1593.1962935561216,gt_regression,residual,False,2.292322603531666
9821249,Trimas Fhadila,False,496,1505.8,516.4166666666666,409.6750676763809,1275.72816074425,1555.340138889696,1766.209091423157,695.2332580898236,0.3162063095138879,10.714285714285715,7331.0,2017.0,2856.5556431029486,dimensions,residual,True,2.5720325821456655
7124116,Kumala,False,465,1371.7833333333333,444.1333333333333,409.62824384578863,1275.5823513357857,1632.3367186791604,1717.849105389749,742.2144387230823,0.1768069983061759,10.714285714285715,5764.0,1971.0,5401.012338123453,dimensions,residual,True,2.743187852335023
8718562,Sms Mulawarman,False,555,1669.9666666666667,561.0833333333334,404.3309110856032,1259.0864571205682,1490.6404332034,1773.7995956943214,587.3304290276546,0.44016619167899323,10.714285714285715,3500.0,2000.0,1593.1962935561216,gt_regression,residual,False,2.268624247064087
9032006,Seira,False,424,1248.9833333333333,402.55,400.6343391872724,1247.5753322291662,1566.1030095091496,1690.3520412837067,802.4615412837068,0.22785988411364558,10.714285714285715,11607.0,1994.0,5156.888784274781,dimensions,residual,True,2.9423946514838826
1047639,Kmp Eirene,False,622,1479.5166666666667,259.8833333333334,395.8371612738463,1232.6369202067572,1461.851868898929,1741.4217876068628,688.3852876068627,0.4731654040004242,10.97560975609756,3500.0,2000.0,1593.1962935561216,gt_regression,residual,False,1.981731382969063
7323308,Bsp I,False,545,1572.6166666666666,484.48333333333335,377.20042397520973,1174.602120258803,1515.506048888354,1574.2093532041872,749.1800865375207,0.17680699830617588,10.714285714285715,5057.0,1973.0,4651.4509590895395,dimensions,residual,True,2.15523324818129
8679675,Raputra Jaya 888,False,505,1608.8833333333334,553.0999999999999,371.0451754184892,1155.4346762531754,1381.3174265582336,1616.1708342588577,470.5148342588577,0.3578714162865651,10.0,3500.0,2000.0,1593.1962935561216,gt_regression,residual,False,2.28798945792708
7910917,Port Link,True,388,890.2,131.75000000000003,365.5188487648464,1138.2256950537314,1561.70308305114,1502.8092484905962,867.4894151572629,0.16229573357214555,10.97560975609756,12619.0,1981.0,8286.741706951432,dimensions,residual,True,2.9335713790044626
9857652,Zoey,False,422,1301.0,457.8,355.8224103824697,1108.0309859310105,1323.265657441932,1555.652599918577,631.374599918577,0.4196105071902818,10.714285714285715,6886.0,2018.0,2354.4531456584205,gt_regression,residual,True,2.6256658434384135
9871646,Raputra Jaya 2888,False,460,1437.8666666666666,504.03333333333336,354.99892366665006,1105.4666482979483,1316.563389529816,1549.1702513097998,527.2199179764666,0.3910108953515238,10.465116279069768,5578.0,2018.0,1883.6917320069763,dimensions,residual,True,2.403188365865105
8666147,Portlink V,True,500,1555.4,548.6,339.3304858357541,1087.8935375894275,1202.1296607023519,1555.0372778442943,449.61461117762775,0.41301142528759416,10.588235294117649,3575.0,2012.0,1420.3599831382203,dimensions,distillate,True,2.175787075178855
8613580,Elysia,False,505,1247.8666666666666,259.83333333333337,329.2511099891747,1025.28795650629,1215.5535299503765,1448.5280228962472,558.8980228962471,0.4731654040004242,10.97560975609756,3500.0,2000.0,1593.1962935561216,gt_regression,residual,False,2.030273181200574
8612885,Menggala,False,410,1328.1333333333334,477.0999999999999,311.8474914099572,971.0930882506066,1154.302113532704,1361.1083928485366,415.90905951520324,0.3825438012770534,10.112359550561797,2688.0,1987.0,1648.2717837755467,dimensions,residual,True,2.368519727440504
9819478,Wira Kencana,False,405,1286.9333333333334,330.66666666666623,276.4820980611548,860.9652533624359,1053.7420887599878,1190.011810076661,265.1184767433278,0.19742990941874675,8.333333333333329,5648.0,2016.0,1622.8457645310725,dimensions,residual,True,2.125840131759101
8611568,Labitra Karina,False,417,1331.15,188.6166666666666,267.62327993721533,833.3788937244885,1051.3776472817158,1151.1220778511608,183.2737445178275,0.10278114809062065,6.7669172932330826,5012.0,1989.0,1593.3833189441282,dimensions,residual,True,1.9985105365095648
7125952,Titian Nusantara,False,258,818.55,284.2099999999999,190.1518542639318,592.1328741778835,708.0179437882555,829.3952387808788,246.8970387808788,0.3738382033857182,10.146561443066515,3500.0,2000.0,1593.1962935561216,gt_regression,residual,False,2.2950886596042
1114389,Shanaya,False,259,764.4,247.33333333333334,186.34949462664622,580.2923262673763,687.1132242854757,817.4742002129055,274.08753354623883,0.44016619167899323,10.714285714285715,3500.0,2000.0,1593.1962935561216,gt_regression,residual,False,2.240510912229252
7332660,Safira Nusantara,False,260,650.55,135.99999999999997,169.40163973631354,527.5167061388804,625.4067237053869,744.0170819269497,281.3337485936164,0.45626826505832746,10.843373493975903,3500.0,2000.0,1593.1962935561216,gt_regression,residual,False,2.028910408226463
7352799,Mufidah,False,196,609.8333333333334,213.58333333333334,166.99164829651588,520.0119927953505,679.1063274567005,703.0036060626843,269.56043939601767,0.16766366879167885,10.526315789473685,5584.0,1973.0,4793.339169732277,dimensions,residual,True,2.653122412221176
8204432,Salvatore,False,200,589.5666666666667,189.85,143.7152983937388,447.52943919810264,529.9192689848138,630.4441050550107,211.6506050550107,0.44016619167899323,10.714285714285715,3500.0,2000.0,1593.1962935561216,gt_regression,residual,False,2.237647195990513
8807076,Raja Basa I,False,210,695.95,88.6166666666667,137.24792378992106,427.3900346818142,537.7641352964126,590.5597899731167,90.2819566397833,0.09507589740266258,6.42857142857143,3500.0,2000.0,1593.1962935561216,gt_regression,residual,False,2.0351906413419725
1146552,Katya,False,108,299.93333333333334,84.95166666666665,109.7731123256294,341.83347178200995,407.9713006987935,480.08182140176325,266.7895380684299,0.43780616499567215,10.75268817204301,15000.0,2000.0,3750.0,gt_regression,residual,False,3.1651247387223145
8518039,Hm Baruna I,False,135,273.15,172.65,79.82684268732736,248.58078812833742,286.347608914424,354.62799764724457,136.19649764724457,0.9800000000000001,25.0,4432.0,1986.0,1627.1982992502337,dimensions,residual,True,1.8413391713210179
8220060,Kirana Ix,False,63,155.13333333333333,32.02666666666667,59.6211424789675,185.66023767950477,253.27336226753388,245.6310841284275,135.37045079509414,0.15848337421226966,11.056511056511058,9168.0,1983.0,8169.820832131515,dimensions,residual,True,2.946987899674679
1153361,Putra Wajo,False,66,206.06666666666666,74.08333333333333,49.26899623754246,153.4236542837072,181.58775545630522,216.1638663348202,69.84469966815352,0.44016619167899323,10.714285714285715,3500.0,2000.0,1593.1962935561216,gt_regression,residual,False,2.3246008224804124
1153373,New Zhima,False,52,162.93333333333334,58.96666666666667,38.9143900732734,121.17941068817335,143.42032863668493,170.7354906476361,55.02915731430278,0.44016619167899323,10.714285714285715,3500.0,2000.0,1593.1962935561216,gt_regression,residual,False,2.330373282464872
6725523,Titian Murni,False,29,101.38333333333333,16.073333333333334,19.684025070198977,61.29605406859961,76.79439809595759,84.79878428939045,12.09715095605712,0.08996963608289457,6.3113604488078545,3500.0,2000.0,1593.1962935561216,gt_regression,residual,False,2.1136570368482626
7818638,Jatra Ii,True,18,88.0,51.94333333333333,18.490626227783565,57.57981007331802,68.20362167866753,80.8519428899878,18.326976223321125,0.3774131623733831,10.663507109004739,3902.0,1980.0,1758.8097990764652,dimensions,residual,True,3.1988783374065566
8672861,Salvino,False,30,44.083333333333336,23.083333333333332,13.689559418644942,42.629288029660344,48.78117494113262,61.03470932718016,33.219042660513495,0.98,25.0,2593.0,1994.0,1785.9700355114785,dimensions,residual,True,1.4209762676553448
7916040,Layar Sentosa,False,8,53.43333333333333,21.433333333333334,1.4636690645032635,4.692523020797463,5.722509328312423,6.5693286578131085,0.9588286578131079,0.030730104568673863,4.411764705882353,1029.0,2000.0,786.016072530529,gt_regression,distillate,False,0.5865653775996829
1113335,Karya Pacific 2280,False,1,5.033333333333333,1.0333333333333332,0.14544225751705642,0.4662878775996828,0.5841161441640528,0.6483535822266385,0.11985358222663849,0.030730104568673863,4.411764705882353,1029.0,2000.0,786.016072530529,gt_regression,distillate,False,0.4662878775996828
